<?xml version="1.0" encoding="UTF-8"?>
<project-private xmlns="http://www.netbeans.org/ns/project-private/1">
    <editor-bookmarks xmlns="http://www.netbeans.org/ns/editor-bookmarks/2" lastBookmarkId="0"/>
    <open-files xmlns="http://www.netbeans.org/ns/projectui-open-files/2">
        <group>
            <file>file:/C:/xampp/htdocs/tools/application/controllers/Buffalo.php</file>
            <file>file:/C:/xampp/htdocs/tools/application/views/buffalo_serial.php</file>
            <file>file:/C:/xampp/htdocs/tools/application/libraries/Tconotification.php</file>
            <file>file:/C:/xampp/htdocs/tools/application/models/Olsdb_model.php</file>
            <file>file:/C:/xampp/htdocs/tools/application/config/products.php</file>
            <file>file:/C:/xampp/htdocs/tools/application/views/buffalo_link.php</file>
            <file>file:/C:/xampp/htdocs/tools/js/price.js</file>
            <file>file:/C:/xampp/htdocs/tools/application/helpers/cloud_view_helper.php</file>
            <file>file:/C:/xampp/htdocs/tools/application/views/buffalo_tera.php</file>
        </group>
    </open-files>
</project-private>
